{
  "astro.config.mjs": 1776605456.8442132,
  "vitest.config.ts": 1776591712.6158195,
  "design-ref/handoff/project/src/components/GraphView.tsx": 1776679622.0,
  "design-ref/handoff/project/src/components/QAChips.tsx": 1776679622.0,
  "scripts/build-index.ts": 1776593904.6933815,
  "scripts/build-manifest.ts": 1776557120.8896658,
  "scripts/build-og.ts": 1776675042.6812303,
  "scripts/build-rss.ts": 1776605462.5286224,
  "scripts/export-graph.ts": 1776521235.3412542,
  "scripts/generate-qa.ts": 1776593904.6995013,
  "scripts/__tests__/build-index.test.ts": 1776521377.1261847,
  "scripts/__tests__/claude-code.test.ts": 1776521414.50173,
  "scripts/__tests__/cosine.test.ts": 1776520949.3003492,
  "scripts/__tests__/embed-blob.test.ts": 1776520959.7631898,
  "scripts/__tests__/export-graph.test.ts": 1776520988.723103,
  "scripts/__tests__/fixture-mode.test.ts": 1776529376.0843995,
  "scripts/__tests__/generate-qa.test.ts": 1776521013.6612022,
  "scripts/__tests__/graph-json-manifest.test.ts": 1776557189.698052,
  "scripts/__tests__/markdown-render.test.ts": 1776557109.2849588,
  "scripts/__tests__/og-rss.test.ts": 1776568494.9309828,
  "scripts/__tests__/page-data.test.ts": 1776529632.8486917,
  "scripts/__tests__/porting-rules-lint.test.ts": 1776521328.4703262,
  "scripts/__tests__/schema-fk-type-lint.test.ts": 1776520933.215012,
  "src/components/GraphView.tsx": 1776775739.841396,
  "src/components/QAChips.tsx": 1776589481.3372314,
  "src/components/graph/types.ts": 1776568332.197497,
  "src/components/graph/useForceSimulation.ts": 1776692518.0284667,
  "src/lib/lede.ts": 1776770923.680733,
  "src/lib/reading-time.ts": 1776590870.7194486,
  "src/lib/url.ts": 1776598270.9617934,
  "src/lib/word-count.ts": 1776692525.2097514,
  "src/lib/card/faq-generator.ts": 1776520957.501701,
  "src/lib/card/showcase-questions.ts": 1776520968.2488284,
  "src/lib/card/skill-scorer.ts": 1776521018.256892,
  "src/lib/card/skill-timeline.ts": 1776521034.1700382,
  "src/lib/db/index.ts": 1776487732.288446,
  "src/lib/db/migrate.ts": 1776593904.7134924,
  "src/lib/llm/claude-code.ts": 1776520646.337718,
  "src/lib/llm/cosine.ts": 1776520572.817487,
  "src/lib/llm/openrouter.ts": 1776487730.1774414,
  "src/lib/llm/prompts/entity-extract.ts": 1776487738.4233513,
  "src/lib/llm/prompts/faq-generate.ts": 1776520662.4875891,
  "src/lib/markdown/preprocess.ts": 1776557095.5512612,
  "src/lib/markdown/render.ts": 1776593709.2348924,
  "src/lib/markdown/strip-wikilinks.ts": 1776557094.5277278,
  "src/lib/pages/db.ts": 1776529513.5958984,
  "src/lib/pages/index.ts": 1776589740.6780095,
  "src/lib/pages/notes.ts": 1776529562.407017,
  "src/lib/pages/posts.ts": 1776529554.1370096,
  "src/lib/pages/qa.ts": 1776589737.3168447,
  "src/lib/pages/related.ts": 1776529597.619025,
  "src/lib/rag/cache.ts": 1776520908.6467123,
  "src/lib/rag/concepts.ts": 1776520851.4529912,
  "src/lib/rag/embed.ts": 1776521278.1103966,
  "src/lib/rag/entity-merge.ts": 1776520727.9837518,
  "src/lib/rag/episodic.ts": 1776520763.8452575,
  "src/lib/rag/graph-topology.ts": 1776520857.6878133,
  "src/lib/rag/graph.ts": 1776487983.7984357,
  "src/lib/rag/layered-search.ts": 1776520704.8399773,
  "src/lib/rag/pipeline.ts": 1776520921.2750506,
  "src/lib/rag/search.ts": 1776520698.6702075,
  "src/lib/rag/temporal.ts": 1776520750.9418683,
  "src/lib/rag/wiki.ts": 1776520867.667842,
  "src/lib/rag/__tests__/graph.test.ts": 1776488071.87882,
  "test/accessibility.test.ts": 1776604546.61284,
  "test/build-smoke.test.ts": 1776685963.9521143,
  "test/bundle-size.test.ts": 1776577348.2335224,
  "test/global-setup.ts": 1776604554.0410151,
  "test/lede.test.ts": 1776770923.7937987,
  "test/qa-search-eval.test.ts": 1776571059.342098,
  "test/reading-time.test.ts": 1776590877.40097,
  "test/responsive.test.ts": 1776681373.5358536,
  "test/word-count.test.ts": 1776692525.3399696,
  "CLAUDE.md": 1776686856.4299655,
  "design.md": 1776724395.7364745,
  "README.md": 1776686247.9049697,
  "TODOS.md": 1776528413.0243568,
  "content/notes/03-prisma-vs-drizzle.md": 1776487754.6526072,
  "content/notes/04-typescript-generics.md": 1776521026.0239747,
  "content/notes/05-sqlite-vs-postgres.md": 1776521035.0136113,
  "content/notes/06-graphology-graph-algorithms.md": 1776521046.8996623,
  "content/notes/07-openai-embeddings.md": 1776521057.099004,
  "content/notes/08-astro-static-site.md": 1776521067.086293,
  "content/notes/09-knowledge-graphs.md": 1776521078.6644876,
  "content/notes/10-bun-vs-node.md": 1776521089.2149189,
  "content/notes/11-vitest-testing.md": 1776521098.7888904,
  "content/notes/12-rag-retrieval-augmented-generation.md": 1776521110.182836,
  "content/notes/13-obsidian-workflows.md": 1776521121.1428418,
  "content/notes/14-zod-validation.md": 1776521130.8113825,
  "content/notes/15-llm-prompting-strategies.md": 1776521142.0135498,
  "content/notes/16-gray-matter-frontmatter.md": 1776521154.518697,
  "content/notes/17-immutability-functional-patterns.md": 1776521164.6000018,
  "content/notes/18-better-sqlite3-patterns.md": 1776521175.4067483,
  "content/notes/19-writing-for-developers.md": 1776521189.9795911,
  "content/notes/20-phase2-architecture.md": 1776521203.6366024,
  "content/notes/21-client-directives.md": 1776576954.117882,
  "content/notes/22-fuse-threshold.md": 1776579231.5587294,
  "content/notes/23-wal-mode.md": 1776576974.05173,
  "content/notes/24-content-hashing.md": 1776576983.5441816,
  "content/notes/25-louvain-communities.md": 1776576994.9164436,
  "content/notes/26-pretendard-subset.md": 1776577007.7415953,
  "content/notes/27-css-vars-vs-tailwind.md": 1776577020.3533323,
  "content/notes/28-draft-to-publish.md": 1776577037.1164742,
  "content/notes/philosophy-on-writing.md": 1776487767.6908548,
  "content/posts/01-react-hooks.md": 1776487741.9132948,
  "content/posts/02-nextjs-rsc.md": 1776487748.4614203,
  "content/posts/21-why-i-built-meshblog.md": 1776576930.89778,
  "content/posts/22-astro-islands-when-to-hydrate.md": 1776576952.0076034,
  "content/posts/23-pagerank-for-personal-notes.md": 1776576976.3565054,
  "content/posts/24-llm-generated-qa.md": 1776577010.643292,
  "content/posts/25-sqlite-is-all-you-need.md": 1776577035.2189448,
  "content/posts/26-bilingual-notes-are-hard.md": 1776576942.234222,
  "content/posts/27-force-directed-graphs-in-browser.md": 1776579266.446165,
  "content/posts/28-shipping-solo-what-to-cut.md": 1776576984.8709795,
  "content/posts/29-static-sites-in-2026.md": 1776579420.2469506,
  "content/posts/30-chunking-for-embeddings.md": 1776577032.1327279,
  "design-ref/SPEC.md": 1776681019.35475,
  "design-ref/handoff/README.md": 1776679622.0,
  "design-ref/handoff/chats/chat1.md": 1776679622.0,
  "design-ref/handoff/chats/chat2.md": 1776679622.0,
  "design-ref/handoff/project/blog-bw.html": 1776679622.0,
  "design-ref/handoff/project/blog-neumorphic.html": 1776679622.0,
  "design-ref/handoff/project/blog.html": 1776679622.0,
  "design-ref/handoff/project/design-system.html": 1776679622.0,
  "design-ref/handoff/project/wireframes.html": 1776679622.0,
  "design.variants/a.md": 1776723941.12859,
  "design.variants/b.md": 1776681256.6830032,
  "design.variants/c.md": 1776681277.412016,
  "design.variants/d.md": 1776723941.14273,
  "docs/architecture.md": 1776571138.2536213,
  "docs/graphify.md": 1776783599.161064,
  "docs/porting-rules.md": 1776520312.3553772,
  "docs/quota-log.md": 1776593904.681376,
  "docs/plans/2026-04-18-meshblog-phase1.md": 1776487310.3767035,
  "docs/plans/2026-04-18-meshblog-phase2.md": 1776518617.9030306,
  "docs/plans/2026-04-18-meshblog-prd.md": 1776485681.6348677,
  "docs/plans/2026-04-19-meshblog-phase3.md": 1776527468.0174603,
  "docs/plans/2026-04-19-meshblog-phase5.md": 1776599569.7268927,
  "docs/plans/phase1-retro.md": 1776494695.765356,
  "docs/plans/phase2-retro.md": 1776521740.7590694,
  "docs/retro/2026-04-19-phase3.md": 1776571852.255731
}